{"containR_type":"form","containR_subtype":"form","digitalReport":"false","scrId":"service_call_logging","formName":"#: mService.app.getUserId() #_#: kendo.toString(new Date(), 'ddMMyy') #_#: 'service_call_logging' #","transNo":"#: mService.app.getUserId() #_#: kendo.toString(new Date(), 'ddMMyy') #_#: 'service_call_logging' #","transType":"","attachmentPathKey":"ATTACHMENT_PATH_CACHE","saveDraft":"true","save":{"online":"true","infoCode":"service_call_logging","headerInput":"","infoRefNo1":"","infoRefNo2":"","timestamp":"00000000-0000-0000-0000-000000000000","mode":"A","checkLocationSettings":"","checkTimeSettings":""},"show_ui":"","allow_new_transaction":"true","modify_last_transaction":"true","cacheUsed":"CUSTOMER_LIST_CACHE,ASSET_ID_CODE_CACHE,EQUIPMENT_ID_CODE_CACHE,CUSTOMER_LOCATION_CACHE,ATTACHMENT_PATH_CACHE,CALL_TYPE_LIST_CACHE,OPERATING_COUNTRY_CODE_LIST_CACHE,STATE_CODE_LIST_CACHE,DISTRICT_CODE_LIST_CACHE,ASSIGN_TO_CACHE"}