<?xml version="1.0"?><label_configuration><screen_title>TA/DA Claims</screen_title><request_ref_no_filter>Claim Ref #</request_ref_no_filter><request_category_filter>Category</request_category_filter><request_type_filter>Call Type</request_type_filter><request_status_filter>Status</request_status_filter><grid_1><settings_icon>Actions</settings_icon><request_ref_no>Claim Ref #</request_ref_no><request_category_desc>Category</request_category_desc><request_type_desc>Call Type</request_type_desc><request_status_desc>Status</request_status_desc><created_by_employee_name>Created By</created_by_employee_name><created_on_date>Creation Date</created_on_date><current_assignee_emp_id_description>Next Authorisor</current_assignee_emp_id_description><gross_amount>Claim Amount</gross_amount><call_ref_no>Service Ticket #</call_ref_no></grid_1><button><view_btn>View</view_btn><edit_btn>Edit</edit_btn><delete_btn>Delete</delete_btn><TADASUBMITFORAPPROVAL_btn>Submit for Approval</TADASUBMITFORAPPROVAL_btn><TADAAPPROVE_btn>Approve</TADAAPPROVE_btn><TADARETURN_btn>Return</TADARETURN_btn><TADAREJECT_btn>Reject</TADAREJECT_btn><TADACLOSE_btn>Close</TADACLOSE_btn><manage_user_attachments_btn>User Attachment</manage_user_attachments_btn><manage_txn_event_log_btn>Workflow Log</manage_txn_event_log_btn><generate_custom_maintenance_pdf_btn>View PDF</generate_custom_maintenance_pdf_btn></button></label_configuration>