<?xml version="1.0"?><label_configuration><screen_title>TA/DA Claim Detail</screen_title><request_ref_no>Claim Ref #</request_ref_no><request_status>Status</request_status><request_category>Category</request_category><request_type>Call Type</request_type><udf_float_1>Advance</udf_float_1><udf_char_1>Cost Centre Number</udf_char_1><udf_char_2>Grade</udf_char_2><udf_char_3>Office Location</udf_char_3><udf_char_4>Associate Code</udf_char_4><udf_analysis_code1>Reason for no ticket</udf_analysis_code1><udf_analysis_code2>Machine Sr #</udf_analysis_code2><udf_analysis_code3>Customer</udf_analysis_code3><udf_analysis_code4>Customer Location</udf_analysis_code4><call_ref_no>Service Ticket #</call_ref_no><button><add_btn>Add</add_btn><view_btn>View</view_btn><edit_btn>Edit</edit_btn><delete_btn>Delete</delete_btn><submit_btn>Save</submit_btn><cancel_btn>Cancel</cancel_btn></button><grid_1><action_category>Category</action_category><action_type>Type</action_type><no_of_units># of Units</no_of_units><udf_float_1>Rate per Unit</udf_float_1><udf_float_4>Amount</udf_float_4><udf_analysis_code1>Currency</udf_analysis_code1><additional_information>Remarks</additional_information></grid_1></label_configuration>