<?xml version="1.0"?><ui_configuration><content><content_1><fieldOrder>photo_attachment</fieldOrder><field id="udf_date_1"><type>w_datepicker</type><maximum>NEWDATE</maximum><defaultValue>manage_employee_master_edit.variable.custom.datasource_1_record.udf_date_1</defaultValue></field><field id="udf_contact_2"><type>w_mobilenumber</type><dataTextField>description</dataTextField><dataValueField>code</dataValueField><dataSource><informationType>"COUNTRYDIALCODE_LIST"</informationType></dataSource><template>description</template><defaultValue>manage_employee_master_edit.variable.custom.contact_number_defaultValue</defaultValue></field></content_1></content></ui_configuration>