{
    "all": {
        "fcmKey": "OThmYjdmNmEtMDM4Ni00ZmQzLWJmMzYtNTI4ZDY0ODU4YjY4",
        "appID": "d13fab69-3469-44ab-87d5-1a3d88d97c24",
        "template": {
            "ms_text_message": "0cc3663f-4248-4d26-a0bd-f615588785c6"
        }
    },
	"mobile": {
        "fcmKey": "OThmYjdmNmEtMDM4Ni00ZmQzLWJmMzYtNTI4ZDY0ODU4YjY4",
        "appID": "d13fab69-3469-44ab-87d5-1a3d88d97c24",
        "template": {
            "ms_text_message": "0cc3663f-4248-4d26-a0bd-f615588785c6"
        }
    }
}
