<?xml version="1.0"?><ui_configuration><content><content_1><field id="request_category"><type>w_dropdownlist</type><dataTextField>description</dataTextField><dataValueField>code</dataValueField><dataSource><informationType>"ANCILLARYCATEGORY_LIST"</informationType><searchField1>#manage_custom_maintenance_edit_request_category</searchField1></dataSource><template>description</template><defaultValue>manage_custom_maintenance_edit.variable.custom.header_1_record.request_category</defaultValue><defaultValueDescription>manage_custom_maintenance_edit.variable.custom.header_1_record.request_category_desc</defaultValueDescription><childFieldID>manage_custom_maintenance_edit_request_type</childFieldID></field><field id="request_type"><type>w_dropdownlist</type><dataTextField>description</dataTextField><dataValueField>code</dataValueField><dataSource><informationType>"ANCILLARYTYPE_LIST"</informationType><searchField1>#manage_custom_maintenance_edit_request_category</searchField1></dataSource><template>description</template><defaultValue>manage_custom_maintenance_edit.variable.custom.header_1_record.request_type</defaultValue><defaultValueDescription>manage_custom_maintenance_edit.variable.custom.header_1_record.request_type_desc</defaultValueDescription></field><field id="udf_analysis_code1"><type>w_dropdownlist</type><dataTextField>description</dataTextField><dataValueField>code</dataValueField><dataSource><informationType>"TADAREASON_LIST"</informationType></dataSource><template>description</template><defaultValue>manage_custom_maintenance_edit.variable.custom.header_1_record.udf_analysis_code1</defaultValue><defaultValueDescription>mserviceUtilities.getDescriptionForCode('TADAREASON_LIST', manage_custom_maintenance_edit.variable.custom.header_1_record.udf_analysis_code1, '')</defaultValueDescription></field><field id="udf_analysis_code2"><type>w_combobox</type><dataTextField>desc</dataTextField><serverFiltering>true</serverFiltering><dataValueField>id</dataValueField><dataSource><applicationName>common_modules</applicationName><serviceName>retrieve_listof_values_for_searchcondition</serviceName><inputParameter><p_inputparam_xml>&lt;inputparam&gt;&lt;lov_code_type&gt;"ASSET_LIST_SEARCH_WO_ZZZ"&lt;/lov_code_type&gt;&lt;search_field_1&gt;$manage_custom_maintenance_edit.variable.custom.udf_analysis_code2_serverFilterValue&lt;/search_field_1&gt;&lt;/inputparam&gt;</p_inputparam_xml></inputParameter></dataSource><template>desc</template><defaultValue>manage_custom_maintenance_edit.variable.custom.header_1_record.udf_analysis_code2</defaultValue><defaultValueDescription>manage_custom_maintenance_edit.variable.custom.header_1_record.udf_analysis_code2</defaultValueDescription></field><field id="udf_analysis_code3"><type>w_combobox</type><dataTextField>name</dataTextField><serverFiltering>true</serverFiltering><dataValueField>id</dataValueField><childFieldID>manage_custom_maintenance_edit_udf_analysis_code4</childFieldID><dataSource><applicationName>common_modules</applicationName><serviceName>retrieve_listof_values_for_searchcondition</serviceName><inputParameter><p_inputparam_xml>&lt;inputparam&gt;&lt;lov_code_type&gt;"CUSTOMER_LIST_SEARCH_WO_ZZZ"&lt;/lov_code_type&gt;&lt;search_field_1&gt;$manage_custom_maintenance_edit.variable.custom.udf_analysis_code3_serverFilterValue&lt;/search_field_1&gt;&lt;/inputparam&gt;</p_inputparam_xml></inputParameter></dataSource><template>name</template><defaultValue>manage_custom_maintenance_edit.variable.custom.header_1_record.udf_analysis_code3</defaultValue><defaultValueDescription>mserviceUtilities.getDescriptionForCode('CUSTOMER', manage_custom_maintenance_edit.variable.custom.header_1_record.udf_analysis_code3, '')</defaultValueDescription></field><field id="udf_analysis_code4"><type>w_combobox</type><dataTextField>description</dataTextField><serverFiltering>true</serverFiltering><dataValueField>code</dataValueField><dataSource><applicationName>common_modules</applicationName><serviceName>retrieve_listof_values_for_searchcondition</serviceName><inputParameter><p_inputparam_xml>&lt;inputparam&gt;&lt;lov_code_type&gt;"CUSTOMERLOCATION_LIST_LINKED"&lt;/lov_code_type&gt;&lt;search_field_1&gt;#manage_custom_maintenance_edit_udf_analysis_code3&lt;/search_field_1&gt;&lt;/inputparam&gt;</p_inputparam_xml></inputParameter></dataSource><template>description</template><defaultValue>manage_custom_maintenance_edit.variable.custom.header_1_record.udf_analysis_code4</defaultValue><defaultValueDescription>mserviceUtilities.getDescriptionForCode('CUSTOMERLOCATION', manage_custom_maintenance_edit.variable.custom.header_1_record.udf_analysis_code4, '')</defaultValueDescription></field><field id="request_ref_no"><type>w_displayarea</type><defaultValue>manage_custom_maintenance_edit.variable.custom.header_1_record.request_ref_no</defaultValue></field><field id="udf_char_1"><type>w_dropdownlist</type><dataTextField>description</dataTextField><dataValueField>code</dataValueField><dataSource><informationType>"TADACOSTCENTER"</informationType></dataSource><template>description</template><defaultValue>manage_custom_maintenance_edit.variable.custom.header_1_record.udf_char_2</defaultValue><defaultValueDescription>manage_custom_maintenance_edit.variable.custom.header_1_record.udf_char_2</defaultValueDescription></field><field id="udf_char_2"><type>w_dropdownlist</type><dataTextField>description</dataTextField><dataValueField>code</dataValueField><dataSource><informationType>"TADAGRADE"</informationType></dataSource><template>description</template><defaultValue>manage_custom_maintenance_edit.variable.custom.header_1_record.udf_char_1</defaultValue><defaultValueDescription>manage_custom_maintenance_edit.variable.custom.header_1_record.udf_char_1</defaultValueDescription></field><field id="udf_char_3"><type>w_textbox</type><maxlength>60</maxlength><defaultValue>manage_custom_maintenance_edit.variable.custom.header_1_record.udf_char_3</defaultValue></field><field id="udf_char_4"><type>w_textbox</type><maxlength>60</maxlength><defaultValue>manage_custom_maintenance_edit.variable.custom.header_1_record.udf_char_4</defaultValue></field><field id="udf_float_1"><type>w_numerictextbox</type><format>n2</format><minimum>1</minimum><maximum>9999999999</maximum><defaultValue>manage_custom_maintenance_edit.variable.custom.header_1_record.udf_float_1</defaultValue></field><field id="request_status"><type>w_displayarea</type><defaultValue>manage_custom_maintenance_edit.variable.custom.header_1_record.request_status_desc</defaultValue></field><field id="call_ref_no"><type>w_displayarea</type><defaultValue>manage_custom_maintenance_edit.variable.custom.header_1_record.call_ref_no</defaultValue></field></content_1></content><datasource><datasource_1><field id="request_ref_no"/><field id="action_category"/><field id="action_type"/><field id="no_of_units"/><field id="uom_code"/><field id="additional_information"/><field id="udf_char_1"/><field id="udf_char_2"/><field id="udf_char_3"/><field id="udf_char_4"/><field id="udf_date_1"/><field id="udf_date_1_hour"/><field id="udf_date_1_minute"/><field id="udf_date_2"/><field id="udf_date_2_hour"/><field id="udf_date_2_minute"/><field id="udf_date_3"/><field id="udf_date_3_hour"/><field id="udf_date_3_minute"/><field id="udf_date_4"/><field id="udf_date_4_hour"/><field id="udf_date_4_minute"/><field id="udf_date_5"/><field id="udf_date_5_hour"/><field id="udf_date_5_minute"/><field id="udf_float_1"/><field id="udf_float_2"/><field id="udf_float_3"/><field id="udf_float_4"/><field id="udf_analysis_code1"/><field id="udf_analysis_code2"/><field id="udf_analysis_code3"/></datasource_1></datasource><grid><grid_1><field id="action_category"><display>false</display><width>150px</width><template># if (kendo.toString(action_category) == "") {# #} else  {#${mserviceUtilities.getDescriptionForCode('TADAACTIONCATG_LIST', action_category, '')}#}#</template></field><field id="action_type"><display>true</display><width>150px</width><template># if (kendo.toString(action_type) == "") {# #} else  {#${mserviceUtilities.getDescriptionForCode('TADAACTIONTYPE_LIST', action_type, '')}#}#</template></field><field id="no_of_units"><display>true</display><width>150px</width><template>&lt;div style = 'text-align: right;'&gt;&lt;span&gt;#if (kendo.toString(no_of_units) =="") {# #} else {#${kendo.toString(kendo.parseFloat(no_of_units), "n2")}  #}#&lt;/span&gt;&lt;/div&gt;</template></field><field id="udf_float_1"><display>true</display><width>150px</width><template>&lt;div style = 'text-align: right;'&gt;&lt;span&gt;#if (kendo.toString(udf_float_1) =="") {# #} else {#${kendo.toString(kendo.parseFloat(udf_float_1), "n2")}  #}#&lt;/span&gt;&lt;/div&gt;</template></field><field id="udf_float_4"><display>true</display><width>150px</width><template>&lt;div style = 'text-align: right;'&gt;&lt;span&gt;#if (kendo.toString(udf_float_4) =="") {# #} else {#${kendo.toString(kendo.parseFloat(udf_float_4), "n2")}  #}#&lt;/span&gt;&lt;/div&gt;</template></field><field id="udf_analysis_code1"><display>true</display><width>150px</width><template># if (kendo.toString(udf_analysis_code1) == "") {# #} else  {#${mserviceUtilities.getDescriptionForCode('CURRENCYCODE_LIST', udf_analysis_code1, '')}#}#</template></field><field id="additional_information"><display>true</display><width>200px</width><template>false</template></field></grid_1></grid></ui_configuration>