{
    "field": {
        "screen": {
            "title": "Field Service Report",
            "preview_title": "Preview"
        },
        "form": {
			"customer": "Customer",
			"customer_address": "Customer Address",
			"report_num":"Report No",
			"rep_date":"Date",
			"service_req":"Service Request",
			"recei_date": "Received on Date",
			"recei_time":"Received on Time",
			"attended_date":"Attended on Date",
			"attended_time":"Attended on Time",
			"rectified_date":"Rectified on Date",
			"rectified_time":"Rectified on Time",
			"dur_date": "Duration from request to rectification From",
			"dur_time": "Duration from request to rectification To",
			"call_type": "Call Type",
			"type": "Civil Foundation Type",
			"model": "Model",
			"capacity": "Capacity",
			"mach_serial": "Machine Serial No",
			"problem_desc": "Customer Complaint",
			"observ_by_service": "Observation",
			"complaint_code": "Complaint Code",
			"action": "Action Taken",
			"part_description": "Spare Description",
			"part_replaced": "Spare Replaced",
			"part_num": "Spare Number",
			"part_qty": "Quantity",
			"suggestion": "Suggestions made to Customer",
			"customer_details": "Customer Details",
			"complained":"Complained on",
			"attended": "Attended on",
			"rectified": "Rectified on",
			"action_attach": "Action Taken Photo",
			"suggestion_attach": "Suggestion made to customer Photo",
			"customer_remark": "Customer Remarks",
			"observ_by_service_attachment": "Observation Photo",
			"customer_contact_person": "Customer name",
			"customer_contact_person_num": "Contact Number",
			"customer_picture_attachment": "Customer Photo",
			"customer_signature": "Customer Signature",
			"service_signature": "Service Engineer Signature",	
			"service_picture_attachment": "Service Engineer Photo",
			"service_name": "Service Engineer Name",
			"service_contact_num": "Contact Number"
		}
	},
        "toastMessages": {
            "success": "Your complaint is registered. The reference number is #: ref_no #",
            "error_complaint_exists": "There is an active complaint with reference number #: ref_no #",
            "error_call_insert": "Failed to register your complaint",
            "error_parts_insert": "Failed to register your complaint",
            "error_ancillary_insert": "Failed to register your complaint",
            "service_exception": "Service Exception",
            "get_date_error": "Failed to get the date",
            "load_controller_file_error": "Unable to load controller file",
            "load_config_files_error": "Unable to load config files",
            "delete_config_files_error": "Failed to delete config files",
            "form_fields_mandatory_alert": "Please fill all the mandatory fields",
            "save_draft_success": "Form saved successfully",
            "save_draft_error": "Unable to save the form",
            "form_submit_alert": "Do you want to submit?",
            "form_submit_internet_connection_error": "Internet connection is required to proceed further.",
            "form_submit_success": "Form submitted successfully",
            "form_submit_error": "Failed to send the form data",
            "save_pdf_data_error": "Unable to send pdf data",
            "save_pdf_html_data_error": "Unable to send pdf data",
            "form_back_click_alert": "Do you want to go back?",
            "form_back_click_data_alert": "Entered data will be lost. Do you want to go back?",
            "form_back_click_auto_save_alert": "Do you want to save the the data in draft and go back?",
            "create_trans_key_error": "Failed to create transaction key file"
        },
        "confirmMessages": {
            "form_submit_alert": "You are going to submit the field service report for this call?",
            "TurnOnAutomaticDateTime": "Please turn on automatic date and time settings.",
            "form_back_click_data_alert": "Entered data will be lost. Do you want to go back?",
            "form_back_click_auto_save_alert": "Do you want to save the the data in draft and go back?"
        }
}