{
    "field": {
		"screen": {
			"title": "Call Details"
		},
		"header" : {
			"attachments" : "Attachments",
			"event_log":"Timeline",
			"machine_info":"Machine Information",
			"problem_description":"Problem Description",
			"customer_info":"Customer Information",
			"engineer_info":"Engineer Information",
			"created_on":"Created On",
			"expected_on":"Expected On",
			"enquiry_info":"Enquiry Information",
			"follow_up":"Follow Up",
			"asset_id":"Asset Id",
			"feedback":"Feedback",
			"equipment_id":"Equipment Id",
			"equipment_category":"Equipment Category",
			"equipment_type":"Equipment Type",
			"installation_date":"Installation Date",
			"Rating_title":"Rating for this ticket"
			
			
		},
		"form": {
			"call_info": "Call Info",
			"schedule_info": "Schedule Date",
			"actual_info": "Actual Date",
			"date_info": "Date Info",
			"machine_info": "Machine Info",
			"created_on": "Created On",
			"customer_info": "Customer Info",
			"attachment_info":"Attachments",
			"assigned_on": "Assigned On",
			"sch_start_on": "Sch. Start On",
			"sch_finish_on": "Sch. Finish On",
			"act_start_on": "Act. Start On",
			"act_finish_on": "Act. Finish On",
			"closed_on":"Closed On",
			"emp_id":"Emp ID",
			"emp_name":"Name",
			"emp_email":"Email",
			"emp_contact":"Contact",
			"cust_name":"Name",
			"cust_email":"Email",
			"cust_contact":"Email",
			"asset_id":"Asset ID",
			"equipment_type":"Equipment Type",
			"equipment_desc":"Equipment Desc"
			
		},
		"timeline":{
			"OPEN": "Created",
			"ASSIGN": "Assigned",
			"TripStart": "Trip Started",
			"TripFinish": "Trip Finished",
			"START": "Work Started",
			"WORKCOMPLETE": "Work Finished",
			"FSRForm": "FSR Form Submitted",
			"COMPLETE": "Completed"
		}
    },
	"toastMessages": {
		"load_controller_file_error": "Unable to load controller file",
		"load_config_files_error": "Unable to load config files"
	}
}
