{
    "placeholder": {
        "language_popup": {
            "title": "என் மொழி"
        },
        "profile_popup": {
            "title": "என் சுயவிவரம்",
            "first_name": "முதல் பெயர்",
            "last_name": "கடைசி பெயர்",
            "mobile_no": "அலைபேசி எண்",
            "email_id": "மின்னஞ்சல் முகவரி"
        },
        "change_password_popup": {
            "title": "கடவுச்சொல்லை மாற்று",
            "old_password": "பழைய கடவுச்சொல்",
            "new_password": "புதிய கடவுச்சொல்",
            "confirm_password": "கடவுச்சொல்லை உறுதிப்படுத்தவும்"
        },
        "login_popup": {
            "title": "உள்நுழைய",
            "user_name": "பயனர் பெயர்",
            "password": "கடவுச்சொல்"
        }
    },
    "field": {
        "in_app_feature": {
            "profile_edit": "என் சுயவிவரம்",
            "change_language": "என் மொழி",
            "my_notification": "எனது அறிவிப்பு",
            "login": "உள்நுழைய",
            "change_password": "கடவுச்சொல்லை மாற்று",
            "logout": "வெளியேறு",
            "help": "உதவி"
			
        },	
		"my_location":{
			"screen": {
				"title": "எனது இருப்பிடம்"
			}
		},			
        "language_popup": {
            "title": "என் மொழி"
        },
        "profile_popup": {
            "title": "என் சுயவிவரம்"
        },
        "change_password_popup": {
            "title": "கடவுச்சொல்லை மாற்று",
            "password_strength": "உங்கள் கடவுச்சொல்லில் குறைந்தபட்சம் ஒரு சிறிய எழுத்து, ஒரு பெரிய எழுத்து, ஒரு சிறப்பு எழுத்து மற்றும் ஒரு எண் மதிப்பு இருக்க வேண்டும்"
        },
        "login_popup": {
            "title": "உள்நுழைய"
        },
		"camera_preview_popup": {
			"title": "முன்னோட்ட",
            "camera_preview_delete_confirm": "நீங்கள் உறுதியாக இருக்கிறீர்களா, நீக்க விரும்புகிறீர்களா?"
        },
		"punch_in_out_popup": {
			"punch_in_title": "குத்துங்கள்",
			"punch_out_title": "அடித்து தள்ளு",
			"punch_in_date": "பஞ்ச்-இன் தேதி:",
			"punch_out_date": "பஞ்ச்-அவுட் தேதி:",
			"Punch_details": "பஞ்ச்-அவுட் தேதி:"
		},
        "attachment_progress_popup": {
            "upload_progress_title": "பதிவேற்றுதல் ...",
            "download_progress_title": "பதிவிறக்கம் ..."
        },
        "call_info_popup": {
			"call_info_popup_title": "நிலை"
		},
        "device_location_popup": {
			"device_location_popup_title": "கடைசியாக அறியப்பட்ட இடம்"
		},
        "filter_drawer": {
			"title": "வடிகட்டி"
		},
        "msSearchpopup": {
            "title": "தேர்ந்தெடுக்கவும்"
        },
        "location_permission_popup": {
            "title": "இருப்பிட அனுமதி",
            "message": "இருப்பிட அனுமதி அமைப்புகளில் 'எல்லா நேரத்தையும் அனுமதிக்கவும்' விருப்பத்தை இயக்கவும்"
        },
        "verify_security_code_popup": {
            "sms_title": "எஸ்எம்எஸ் குறியீட்டை சரிபார்க்கவும்",
            "email_title": "மின்னஞ்சல் குறியீட்டை சரிபார்க்கவும்",
            "security_code_sent_to_lbl": "அனுப்பப்பட்ட குறியீட்டை உள்ளிடவும்  ",
            "security_code_resend_lbl": "குறியீட்டைப் பெறவில்லையா? மீண்டும் முயற்சிக்கவும் ",
            "security_code_resend_button": "குறியீட்டை மீண்டும் அனுப்பு",
            "security_code_verify_button": "சரிபார்க்கவும்",
            "security_code_error_invalid_details": "தவறான விவரங்கள்",
            "security_code_error_update_security_code_log": "பிழை ஏற்பட்டது",
            "security_code_error_incorrect_security_code": "தவறான பாதுகாப்பு குறியீடு",
            "security_code_invalid_expiry_interval": "காலாவதி இடைவெளி கிடைக்கவில்லை",
            "security_code_error_generating_the_code": "பாதுகாப்புக் குறியீட்டை உருவாக்குவதில் பிழை ஏற்பட்டது",
            "security_code_error_creating_notification": "அறிவிப்பை உருவாக்குவதில் பிழை ஏற்பட்டது",
            "security_code_error_security_code_expired": "பாதுகாப்பு குறியீடு காலாவதியானது, தயவுசெய்து மீண்டும் கிளிக் செய்க",
            "security_code_error_number_missing": "எல்லா பாதுகாப்பு குறியீடு எண்களையும் உள்ளிடவும்",
            "security_code_generated_success": "பாதுகாப்பு குறியீடு வெற்றிகரமாக உருவாக்கப்பட்டது, நீங்கள் விரைவில் எஸ்எம்எஸ் பெறுவீர்கள்",
            "security_code_verification_success": "பாதுகாப்பு குறியீடு வெற்றிகரமாக சரிபார்க்கப்பட்டது"
        },
        "workflow_actions_popup": {
            "title": "செயல்கள்" 
        }
    },
	"toastMessages": {
		"punch_in_failed": "குத்துவதில் தோல்வி",
		"punch_out_failed": "வெளியே குத்துவதில் தோல்வி",
		"punch_in_success": "சரியான நேரத்தில் பஞ்ச் : #: code#",
		"punch_out_success": "வெளியே நேரம் : #: code#",
		"punch_in_profile_not_available": "பஞ்ச்-இன் சுயவிவர கோப்பு கிடைக்கவில்லை",
		"time_setting_not_automatic": "சாதன அமைப்புகளில் உங்கள் தானியங்கி நேர அமைப்புகளை இயக்கவும்",
		"get_date_error": "தேதியைப் பெறுவதில் தோல்வி",
		"location_error": "உங்கள் இருப்பிடத்தைக் கண்டுபிடிக்க முடியவில்லை. சிறிது நேரம் கழித்து மீண்டும் முயற்சிக்கவும்",
		"location_not_enabled": "சாதன அமைப்பில் உங்கள் இருப்பிடத்தை இயக்கவும்."
	},
	"confirmMessages": {
		"TurnOnAutomaticDateTime": "சாதன அமைப்புகளில் உங்கள் தானியங்கி நேர அமைப்புகளை ஸ்ப்ளீஸ் இயக்கவும்"
	}
}