{
    "all": {
        "fcmKey": "NmU2NzlmOWYtMDIzNC00NDBlLWE3OTQtNjZhZmZhMjViODdh",
        "appID": "1dc32884-0f4d-4e12-9072-16ffd6d88999",
        "template": {
            "ms_text_message": "e7a78a0b-5466-4668-b201-516536e7254f"
        }
    },
	"mobile": {
        "fcmKey": "NmU2NzlmOWYtMDIzNC00NDBlLWE3OTQtNjZhZmZhMjViODdh",
        "appID": "1dc32884-0f4d-4e12-9072-16ffd6d88999",
        "template": {
            "ms_text_message": "e7a78a0b-5466-4668-b201-516536e7254f"
        }
    }
}
