<?xml version="1.0"?><label_configuration><field id="title"><label>Call Logging</label></field><field id="call_category"><label>Call Category</label></field><field id="call_type"><label>Call Type</label></field><field id="customer_id"><label>Customer ID</label></field><field id="customer_location"><label>Customer Location</label></field><field id="customer_contact_name"><label>Customer Contact Name</label></field><field id="customer_contact_number"><label>Customer Contact Number</label></field><field id="customer_contact_email"><label>Customer Contact Email</label></field><field id="company_location"><label>Company Location</label></field><field id="servicing_org_level_number"><label>Servicing Org. Level Number</label></field><field id="servicing_org_level_code"><label>Servicing Org. Level Code</label></field><field id="asset_id"><label>Asset ID</label></field><field id="equipment_id"><label>Equipment ID</label></field><field id="asset_location"><label>Asset Location</label></field><field id="priority"><label>Call Priority</label></field><field id="problem_description"><label>Problem Description</label></field><field id="additional_description"><label>Additional Description</label></field><field id="billable_nonbillable"><label>Billable / Non-Billable</label></field><field id="currency_code"><label>Currency Code</label></field><field id="gross_amount"><label>Gross Amount</label></field><field id="discount_amount"><label>Discount Amount</label></field><field id="tax_amount"><label>Tax Amount</label></field><field id="net_amount"><label>Net Amount</label></field><field id="call_taken_by"><label>Call Taken By</label></field><field id="date_of_call"><label>Date of call</label></field><field id="time_of_call"><label>Time of call</label></field><field id="contract_doc_number"><label>Service Document No</label></field><field id="contract_doc_visit_number"><label>Service Visit No</label></field><field id="call_mapped_to_functional_role"><label>Call Mapped to Functional Role</label></field><field id="call_mapped_to_employee_id"><label>Call Mapped to Employee</label></field><field id="udf_date_1"><label>Issue exists date</label></field>><field id="udf_customer_name"><label>Customer Name</label></field>><field id="udf_customer_address"><label>Customer Address</label></field><field id="udf_customer_city"><label>Customer City</label></field><field id="udf_date_1_time"><label>Issue exists time</label></field><field id="assign_to_empid"><label>Assigned to EmpID</label></field><field id="submit"><label>Ok</label></field><field id="cancel"><label>Cancel</label></field></label_configuration>