{"field":{"screen":{"title":"Service Report","preview_title":"Preview","page_title_1":"Page 1","page_title_2":"Page 2"},"form":{"customer_name":"Customer Name","cust_id_savedetails":"Customer ID","customer_loc":"Customer Location","eng_name":"Engineer Name","mob_no":"Mobile No","email_id":"Email-Id","report_no":"Service Call No","mach_model_savedetails":"Machine Model","mach_slno_savedetails":"Machine Serial No","mac_address":"Machine Address","run_hrs":"Running Hours","warranty":"Warranty Status","amc":"Under AMC","cont_no":"AMC Contract No","amc_visit":"AMC Visit No","cust_contact":"Persons Contact Details","cont_name":"Contact Name","designation":"Designation","mobile":"Mobile No","email":"Email-Id","cont_name1":"Contact Name","designation1":"Designation","mobile1":"Mobile No","email1":"Email-Id","cont_name2":"Contact Name","designation2":"Designation","mobile2":"Mobile No","email2":"Email-Id","business_unit":"Business Unit","date":"Date Of Report","fromd":"From Date","todate":"To Date","days":"Total Days","type":"Type of visit","prblm":"Problem related to","visit":"Reason for visit","former":"Format Part Details","product":"Product Details","mach_details":"Line Machine Details","work":"Details","obser":"Observations","work1":"Work Done","final":"Final Status","training":"Training Applicable Only during installation and commissioning of machine","details":"Detailed training given to Operators /Maintanence team during PQ Trail","basic_yes":"Basic Machine","hmi":"HMI","changeover":"Change Over","trouble":"Trouble Shooting","maintanence":"Maintanence","tra_eng":"Two full days training given by Engineer","validation":"Validation","prod_summ":"Production Summary in brief(Attach detailed production report if applicable)","batch":"Batch No","speed":"Speed","rate":"Rated Output","actual":"Actual Output","run":"Run Time","remarks":"Remarks","fin_rem":"Final Status and remarks if any","ic_charge":"I/C charges /service charges","ic_charge1":"Training Provided","po":"PO Number","service":"Service Charges for","tax":"Service Tax at Actual","total":"Total Service charges","ser_sign":"Service Engineer Signature","customer_detail":"Customer Details","cont_person_name":"Contact Person Name","desig":"Designation","sign":"Signature","rem":"Remarks","call_type":"Call Type","service_visit":"Service Visits","amcvisit1":"Amc Visits","serviceinwar":"Service In Warranty","part_required":"Spares Quotation","item_part":"Part No","item_desc":"Part Description","item_qty":"Part Qty","comp_name":"Company Name","comp_address":"Company Address","comp_pincode":"Pincode"}},"toastMessages":{"success":"Report submitted successfully.","service_exception":"Service Exception","get_date_error":"Failed to get the date","load_controller_file_error":"Unable to load controller file","load_config_files_error":"Unable to load config files","delete_config_files_error":"Failed to delete config files","form_fields_mandatory_alert":"Please fill all the mandatory fields","save_draft_success":"Form saved successfully","save_draft_error":"Unable to save the form","form_submit_alert":"Do you want to submit?","form_submit_internet_connection_error":"Internet connection is required to proceed further.","form_submit_success":"Form Submitted  successfully","form_submit_error":"Failed to send the form data","save_pdf_data_error":"Unable to send pdf data","save_pdf_html_data_error":"Unable to send pdf data","form_back_click_alert":"Do you want to go back?","form_back_click_data_alert":"Entered data will be lost. Do you want to go back?","form_back_click_auto_save_alert":"Do you want to save the the data in draft and go back?","create_trans_key_error":"Failed to create transaction key file","error_complaint_exists":"There is an active complaint with reference number #: ref_no #","error_call_insert":"Failed to register your complaint","error_parts_insert":"Failed to register your complaint","error_ancillary_insert":"Failed to register your complaint"},"confirmMessages":{"form_submit_alert":"Do you want to submit?","TurnOnAutomaticDateTime":"Please turn on automatic date and time settings.","form_back_click_data_alert":"Entered data will be lost. Do you want to go back?","form_back_click_auto_save_alert":"Do you want to save the the data in draft and go back?"},"wFlowEvents":{},"placeholder":{}}