{"field":{"screen":{"title":"My Users"}},"toastMessages":{"success":"User deleted successfully","error_user_delete":"Failed to delete the user","error_employee_delete":"Failed to delete the user","error_user_mapping_delete":"Failed to delete the user","error_asset_mapping_delete":"Failed to delete the user","error_user_mapping_not_exists":"Failed to delete the user","error_employee_not_exists":"Failed to delete the user","error_user_not_exists":"Failed to delete the user","service_exception":"Service Exception"},"confirmMessages":{"delete_user":"Are you Sure you want to delete this user?"}}