{"toastMessages":{"form_submit_failure":"Form Submitted Failed","form_submit_success":"Your feedback have been Successfully updated"},"field":{"screen":{"title":"Feedback","feedback_query1":"Would you buy or recommend to friend or colleague?","feedback_query2":"Thank you for your feedback, to help us continue providing positive service experience, please let us know what made the experience positive for you?","feedback_query3":"Thank you for your feedback, to help us continue providing positive service experience Please let us know what made the experience positive for you?","feedback_query4":"We apologize our service did not meet your expectations, and appreciate you taking time to share your concerns. To help us improve our service experience, please let us know what made you dissatisfied?","feedback_query5":"We apologize our service did not meet your expectations, and appreciate you taking time to share your concerns. To help us improve our service experience, please let us know what made you dissatisified?"}}}