{"field":{"screen":{"title":"New Attachment"},"form":{"user_attachment":"Attachment","user_image":"Image"}},"toastMessages":{"success":"Attachment added successfully","error_location_not_exists":"Your Location not available","service_exception":"Service Exception","get_date_error":"Failed to get the date","load_controller_file_error":"Unable to load controller file","load_config_files_error":"Unable to load config files","form_submit_alert":"Do you want to submit?","form_submit_success":"Attachments are submitted","form_submit_error":"Failed to send the form data","form_back_click_alert":"Do you want to go back?","form_back_click_data_alert":"Entered data will be lost. Do you want to go back?","form_back_click_auto_save_alert":"Do you want to save the the data in draft and go back?","attachment_not_added_error":"Please add/select files to proceed further"},"confirmMessages":{"form_submit_alert":"You are going to submit the New Attachment?","TurnOnAutomaticDateTime":"Please turn on automatic date and time settings.","form_back_click_data_alert":"Entered data will be lost. Do you want to go back?","form_back_click_auto_save_alert":"Do you want to save the the data in draft and go back?"}}