{"field":{"screen":{"title":"FOC Report","preview_title":"Preview","page_title_1":"Page 1","page_title_2":"Page 2"},"form":{"customer_name":"Customer Name","customer_loc":"Customer Location","cust_conta_name":"Customer Contact Person","cust_cont_no":"Customer Contact No","mach_sn":"Machine I and C date","foc_req_by":"FOC requested by","sono":"Machine/Spares/Attachment Order No.","sono_date":"Machine/Spares/Attachment Order Date","model_serial_batch":"Model ","mach_sr_no":"Machine srl.no","batch":"Batch No","outside_warranty_cmnt":"Comments","within_warranty_cmnt":"Comments","depart_respond_savedetails":"Department Responsible","product_dis_date":"Product dispatch date","under_warranty":"Under warranty","foc_for":"FOC for","part_required":"Parts Required","item_part_savedetails":"Part Number","desc_savedetails":"Description ","qty_savedetails":"Qty","reason_for_foc":"Reason for FOC (in detail):(please tick as applicable)","detail_for_others":"Reason for FOC in Details","within_warranty":"Within Warranty ","outside_warranty":"Outside Warranty ","capa_rca_savedetails":"CAPA/ RCA in brief:","action_savedetails":"Action to be taken","cust_ename":"Engineer Signature","cust_edate":"Engineer Date"}},"toastMessages":{"success":"Report submitted successfully.","service_exception":"Service Exception","get_date_error":"Failed to get the date","load_controller_file_error":"Unable to load controller file","load_config_files_error":"Unable to load config files","delete_config_files_error":"Failed to delete config files","form_fields_mandatory_alert":"Please fill all the mandatory fields","save_draft_success":"Form saved successfully","save_draft_error":"Unable to save the form","form_submit_alert":"Do you want to submit?","form_submit_internet_connection_error":"Internet connection is required to proceed further.","form_submit_success":"Form Submitted  successfully","form_submit_error":"Failed to send the form data","save_pdf_data_error":"Unable to send pdf data","save_pdf_html_data_error":"Unable to send pdf data","form_back_click_alert":"Do you want to go back?","form_back_click_data_alert":"Entered data will be lost. Do you want to go back?","form_back_click_auto_save_alert":"Do you want to save the the data in draft and go back?","create_trans_key_error":"Failed to create transaction key file","error_complaint_exists":"There is an active complaint with reference number #: ref_no #","error_call_insert":"Failed to register your complaint","error_parts_insert":"Failed to register your complaint","error_ancillary_insert":"Failed to register your complaint"},"confirmMessages":{"form_submit_alert":"Do you want to submit?","TurnOnAutomaticDateTime":"Please turn on automatic date and time settings.","form_back_click_data_alert":"Entered data will be lost. Do you want to go back?","form_back_click_auto_save_alert":"Do you want to save the the data in draft and go back?"},"wFlowEvents":{},"placeholder":{}}