{
    "field": {
        "screen": {
            "title": "My Accounts"
        },
        "form": {}
    },
    "toastMessages": {
        "switch_account_success": "Account switched successfully",
        "service_exception": "Service Exception",
        "delete_account_success": "Account deleted successfully",
        "delete_account_error": "Failed to delete account",
        "switch_account_error": "Failed to switch account",
        "load_account_error": "Failed to load accounts",
        "location_configuration_update_error": "Unable to update location configuration"
    },
    "confirmMessages": {
        "switch_account": "Do you want to switch the account?",
        "delete_account": "Do you want to delete this account?",
        "add_account": "Do you want to add a new account?"
    },
    "wFlowEvents": {},
    "placeholder": {}
}
