<?xml version="1.0" encoding="UTF-8"?><label_configuration><START><field id="call_register_act_start_date"><label>Date</label></field><field id="call_register_act_start_date_time"><label>Time</label></field><field id="call_register_udf_float_1"><label>Percent</label></field><field id="attachment_icon"><label>Select File</label></field><field id="camera_attachment_icon"><label>Camera</label></field><field id="submit"><label>Ok</label></field><field id="cancel"><label>Cancel</label></field></START><ASSIGN><field id="to_employee_id"><label>To Employee</label></field><field id="call_register_sch_start_date"><label>Start Date</label></field><field id="call_register_sch_start_date_time"><label>Start Time</label></field><field id="call_register_sch_finish_date"><label>Finish Date</label></field><field id="call_register_sch_finish_date_time"><label>Finish Time</label></field><field id="call_register_udf_float_1"><label>Percent</label></field><field id="attachment_icon"><label>Select File</label></field><field id="camera_attachment_icon"><label>Camera</label></field><field id="submit"><label>Ok</label></field><field id="cancel"><label>Cancel</label></field></ASSIGN><WORKCOMPLETE><field id="call_register_act_finish_date"><label>Date</label></field><field id="call_register_act_finish_date_time"><label>Time</label></field><field id="comments"><label>Recommendation</label></field><field id="call_register_asset_id"><label>ESN</label></field><field id="call_register_udf_float_1"><label>Percent</label></field><field id="call_register_udf_char_1"><label>FSR No</label></field><field id="call_register_udf_bit_1"><label>B Check</label></field><field id="call_register_udf_bit_2"><label>C Check</label></field><field id="call_register_udf_bit_3"><label>D Check</label></field><field id="call_register_udf_bit_4"><label>CRM</label></field><field id="lead_register_product_code"><label>Lead</label></field><field id="attachment"><label>Attachment</label></field><field id="attachment_icon"><label>Select File</label></field><field id="camera_attachment_icon"><label>Camera</label></field><field id="submit"><label>Ok</label></field><field id="cancel"><label>Cancel</label></field></WORKCOMPLETE><PROGRESSUPDATE><field id="comments"><label>Comments</label></field><field id="attachment"><label>Attachment</label></field><field id="call_register_udf_float_1"><label>Percent</label></field><field id="attachment_icon"><label>Select File</label></field><field id="camera_attachment_icon"><label>Camera</label></field><field id="submit"><label>Ok</label></field><field id="cancel"><label>Cancel</label></field></PROGRESSUPDATE><HOLD><field id="comments"><label>Comments</label></field><field id="reason_code"><label>Reason</label></field><field id="call_register_reason_code"><label>Reason</label></field><field id="attachment_icon"><label>Select File</label></field><field id="camera_attachment_icon"><label>Camera</label></field><field id="submit"><label>Ok</label></field><field id="cancel"><label>Cancel</label></field></HOLD><RELEASEHOLD><field id="comments"><label>Comments</label></field><field id="attachment_icon"><label>Select File</label></field><field id="camera_attachment_icon"><label>Camera</label></field><field id="submit"><label>Ok</label></field><field id="cancel"><label>Cancel</label></field></RELEASEHOLD><REASSIGN><field id="to_employee_id"><label>To Employee</label></field><field id="attachment_icon"><label>Select File</label></field><field id="camera_attachment_icon"><label>Camera</label></field><field id="submit"><label>Ok</label></field><field id="cancel"><label>Cancel</label></field></REASSIGN><COMPLETE><field id="comments"><label>Comments</label></field><field id="call_register_call_finish_date"><label>Date</label></field><field id="call_register_call_finish_date_time"><label>Time</label></field><field id="call_register_udf_float_1"><label>Percent</label></field><field id="attachment_icon"><label>Select File</label></field><field id="camera_attachment_icon"><label>Camera</label></field><field id="submit"><label>Ok</label></field><field id="cancel"><label>Cancel</label></field></COMPLETE><MEETINGSTART><field id="call_register_act_start_date"><label>Date</label></field><field id="call_register_act_start_date_time"><label>Time</label></field><field id="submit"><label>Ok</label></field><field id="cancel"><label>Cancel</label></field></MEETINGSTART><MEETINGFINISH><field id="comments"><label>Comments</label></field><field id="call_register_call_finish_date"><label>Date</label></field><field id="call_register_call_finish_date_time"><label>Time</label></field><field id="submit"><label>Ok</label></field><field id="cancel"><label>Cancel</label></field></MEETINGFINISH><NOMOVEMENT><field id="call_register_act_start_date"><label>Date</label></field><field id="call_register_act_start_date_time"><label>Time</label></field><field id="submit"><label>Ok</label></field><field id="cancel"><label>Cancel</label></field></NOMOVEMENT><QUOTSUBMIT><field id="comments"><label>Comments</label></field><field id="attachment"><label>Attachment</label></field><field id="attachment_icon"><label>Select File</label></field><field id="call_register_quotation_ref_no"><label>Quotation No</label></field><field id="call_register_quotation_net_amount"><label>Value</label></field><field id="submit"><label>Ok</label></field><field id="cancel"><label>Cancel</label></field></QUOTSUBMIT><REQUOTSUBMIT><field id="comments"><label>Comments</label></field><field id="attachment"><label>Attachment</label></field><field id="attachment_icon"><label>Select File</label></field><field id="call_register_quotation_ref_no"><label>Quotation No</label></field><field id="call_register_quotation_net_amount"><label>Value</label></field><field id="submit"><label>Ok</label></field><field id="cancel"><label>Cancel</label></field></REQUOTSUBMIT><CUSTOMERORDERWON><field id="call_register_won_lost_ind"><label>Order Status</label></field><field id="attachment"><label>Attachment</label></field><field id="attachment_icon"><label>Select File</label></field><field id="call_register_charges_ref_no"><label>Customer PO#</label></field><field id="call_register_charges_net_amount"><label>PO Value</label></field><field id="submit"><label>Ok</label></field><field id="cancel"><label>Cancel</label></field></CUSTOMERORDERWON><CUSTOMERORDERLOST><field id="call_register_won_lost_ind"><label>Order Status</label></field><field id="call_register_equipment_cateory"><label>Equipment Category</label></field><field id="call_register_equipment_type"><label>Equipment Type</label></field><field id="call_register_compitetor_list"><label>Compitetor List</label></field><field id="call_register_model"><label>Model</label></field><field id="udf_analysis_code1"><label>Financier</label></field><field id="udf_analysis_code2"><label>Financier Contact Name</label></field><field id="udf_analysis_code3"><label>Financier Contact No</label></field><field id="call_register_loss_reason_code"><label>Loss Reason</label></field><field id="call_register_charges_net_amount"><label>Loss Value</label></field><field id="call_register_quantity"><label>Quantity</label></field><field id="call_register_udf_char_9"><label>Competitor Name</label></field><field id="call_register_udf_char_10"><label>Competitor Product Code</label></field><field id="submit"><label>Ok</label></field><field id="cancel"><label>Cancel</label></field></CUSTOMERORDERLOST><ADVANRECEIVED><field id="udf_float_1"><label>Amount</label></field><field id="attachment"><label>Money Receipt Attachment</label></field><field id="attachment_icon"><label>Select File</label></field><field id="comments"><label>Comments</label></field><field id="submit"><label>Ok</label></field><field id="cancel"><label>Cancel</label></field></ADVANRECEIVED><DOCOLLECT><field id="udf_char_1"><label>Document No</label></field><field id="attachment"><label>Attachment</label></field><field id="attachment_icon"><label>Select File</label></field><field id="comments"><label>Comments</label></field><field id="submit"><label>Ok</label></field><field id="cancel"><label>Cancel</label></field></DOCOLLECT><PIGIVEN><field id="udf_char_2"><label>PI #</label></field><field id="comments"><label>Comments</label></field><field id="submit"><label>Ok</label></field><field id="cancel"><label>Cancel</label></field></PIGIVEN><CASELOGIN><field id="ref_no"><label>Ref No</label></field><field id="comments"><label>Comments</label></field><field id="submit"><label>Ok</label></field><field id="cancel"><label>Cancel</label></field></CASELOGIN><FID><field id="ref_no"><label>Ref No</label></field><field id="comments"><label>Comments</label></field><field id="submit"><label>Ok</label></field><field id="cancel"><label>Cancel</label></field></FID><CASEAPPROVED><field id="ref_no"><label>Ref No</label></field><field id="comments"><label>Comments</label></field><field id="submit"><label>Ok</label></field><field id="cancel"><label>Cancel</label></field></CASEAPPROVED><DORECEIVED><field id="ref_no"><label>Ref No</label></field><field id="attachment"><label>Attachment</label></field><field id="attachment_icon"><label>Select File</label></field><field id="comments"><label>Comments</label></field><field id="comments"><label>Comments</label></field><field id="submit"><label>Ok</label></field><field id="cancel"><label>Cancel</label></field></DORECEIVED><PORECEIVED><field id="ref_no"><label>Ref No</label></field><field id="attachment"><label>Attachment</label></field><field id="attachment_icon"><label>Select File</label></field><field id="comments"><label>Comments</label></field><field id="comments"><label>Comments</label></field><field id="submit"><label>Ok</label></field><field id="cancel"><label>Cancel</label></field></PORECEIVED><MMONEYRECEIVED><field id="udf_float_2"><label>Amount</label></field><field id="comments"><label>Comments</label></field><field id="submit"><label>Ok</label></field><field id="cancel"><label>Cancel</label></field></MMONEYRECEIVED><BILLING><field id="udf_char_3"><label>Invoice No</label></field><field id="attachment"><label>Attachment</label></field><field id="attachment_icon"><label>Select File</label></field><field id="comments"><label>Comments</label></field><field id="submit"><label>Ok</label></field><field id="cancel"><label>Cancel</label></field></BILLING><CUSTFOLLOWUP><field id="comments"><label>Comments</label></field><field id="submit"><label>Ok</label></field><field id="cancel"><label>Cancel</label></field></CUSTFOLLOWUP></label_configuration>