{"field":{"screen":{"title":"Machine Life"},"filter":{"search_title":"Search","asset_id":"Machine ID","equipment_id":"Model","equipment_category":"Category","equipment_type":"Type","customer_name":"Customer Name"}},"placeholder":{"filter":{"search_box":"Search"}},"toastMessages":{"service_exception":"Service Exception","load_controller_file_error":"Unable to load controller file","load_config_files_error":"Unable to load config files","ms_searchview_details_invalid_input":"Invalid input data","ms_searchview_details_header_not_available":"Information not available","ms_searchview_list_no_data":"No data available"}}