{
    "field": {
        "screen": {
            "title": "Security Code Verification"
        },
        "form": {
            "sms_title": "Verify SMS Code",
            "email_title": "Verify Email Code",
            "security_code_sent_to_lbl": "Enter the CODE sent to ",
            "security_code_resend_lbl": "Didn't receive the code? Retry in ",
            "security_code_resend_button": "RESEND CODE",
            "security_code_verify_button": "Verify",
            "security_code_error_invalid_details": "Invalid details",
            "security_code_error_update_security_code_log": "error occured",
            "security_code_error_incorrect_security_code": "Incorrect security code",
            "security_code_invalid_expiry_interval": "Expiry interval is not available",
            "security_code_error_generating_the_code": "error occured in generating the security code",
            "security_code_error_creating_notification": "error occured in creating notification",
            "security_code_error_security_code_expired": "Security code Expired, please click RESEND",
            "security_code_error_number_missing": "Please enter all the security code numbers",
            "security_code_generated_success": "Security code generated successfully, you will receive SMS shortly",
            "security_code_verification_success": "security code verified successfully"
        }
    }
}
