{
	"ALLOWED_ATTACHMENT_SIZE_CACHE": {
        "last_change_timestamp": "20211227120200",
        "cache_source": "databases",
        "code": "'file_size_allowed'",
		"inputXml": "{\"attachment_type\":\"'CALL'\"}",
		"allowFor":"all"
    },
	"ALLOWED_ATTACHMENT_EXTENSION_CACHE": {
        "last_change_timestamp": "20211227120200",
        "cache_source": "databases",
        "code": "'file_extensions_allowed'",
        "inputXml": "{\"attachment_type\":\"'CALL'\"}",
		"allowFor":"all"
    },
    "ATTACHMENT_PATH_CACHE": {
        "last_change_timestamp": "20210728101200",
        "cache_source": "databases",
        "code": "'file_attachment_path'",
        "inputXml": "{\"attachment_type\":\"'CALL'\"}",
		"allowFor":"all"
    },
    "CALL_CATEGORY_CACHE": {
        "last_change_timestamp": "20210903174700",
        "cache_source": "databases",
        "code": "'call_category'",
        "inputXml": "",
		"allowFor":"all"
    },
    "ITEM_LIST_CACHE": {
        "last_change_timestamp": "20210903174700",
        "cache_source": "database",
        "code": "'item_list'",
        "inputXml": "",
		"allowFor":"all"
    },
	"CUSTOMER_LIST_CACHE": {
        "last_change_timestamp": "20230314162300",
        "cache_source": "database",
        "code": "'customer_list'",
        "inputXml": "",
		"allowFor":"all"
    },
	"OPERATING_COUNTRY_CODE_LIST_CACHE": {
        "last_change_timestamp": "20230314112200",
        "cache_source": "database",
        "code": "'country_code_list'",
        "inputXml": "",
		"allowFor":"all"
    },
	"STATE_CODE_LIST_CACHE": {
        "last_change_timestamp": "20230314113600",
        "cache_source": "databases",
        "code": "'state_code_list'",
        "inputXml": "{\"country_code\":\"'in'\"}",
		"allowFor":"all"
    },
	"DISTRICT_CODE_LIST_CACHE": {
        "last_change_timestamp": "20230314124700",
        "cache_source": "databases",
        "code": "'district_code_list'",
        "inputXml": "{\"country_code\":\"'in'\"}",
		"allowFor":"all"
    },
	"ASSET_ID_CODE_CACHE": {
        "last_change_timestamp": "20230315155200",
        "cache_source": "database",
        "code": "'asset_id_code'",
        "inputXml": "",
		"allowFor":"all"
    },
	"EQUIPMENT_ID_CODE_CACHE": {
        "last_change_timestamp": "20230315162200",
        "cache_source": "database",
        "code": "'equipment_id_code'",
        "inputXml": "",
		"allowFor":"all"
    },
	"ASSIGN_TO_CACHE": {
        "last_change_timestamp": "20230315104300",
        "cache_source": "database",
        "code": "'assign_to_empid_list'",
        "inputXml": "",
		"allowFor":"all"
    },
	"CALL_TYPE_LIST_CACHE": {
        "last_change_timestamp": "20230315103400",
        "cache_source": "database",
        "code": "'get_call_type_based_on_asset_contract_status'",
        "inputXml": "",
		"allowFor":"all"
    },
	"CUSTOMER_LOCATION_CACHE": {
        "last_change_timestamp": "20230313185800",
        "cache_source": "database",
        "code": "'customer_loc'",
        "inputXml": "",
		"allowFor":"all"
    },
	"ASSET_STATUS_CACHE": {
        "last_change_timestamp": "20230311204600",
        "cache_source": "database",
        "code": "'asset_status'",
        "inputXml": "",
		"allowFor":"all"
    },
	"CALL_PRIORITY_CACHE": {
        "last_change_timestamp": "20210903174700",
        "cache_source": "database",
        "code": "'call_priority'",
        "inputXml": "",
		"allowFor":"all"
    },
	"CALL_MAPPED_TO_FUNCTIONAL_ROLE_CACHE": {
        "last_change_timestamp": "20210903174700",
        "cache_source": "databases",
        "code": "'call_mapped_to_functional_role'",
        "inputXml": "",
		"allowFor":"all"
    },
	"CURRENCY_CODE_CACHE": {
        "last_change_timestamp": "20210903174700",
        "cache_source": "databases",
        "code": "'currency_code'",
        "inputXml": "",
		"allowFor":"all"
    },
	"CALL_TAKEN_BY_CACHE": {
        "last_change_timestamp": "20210903174700",
        "cache_source": "databases",
        "code": "'call_taken_by'",
        "inputXml": "",
		"allowFor":"all"
    },
	"TIMECARD_FEATURE_CACHE": {
        "last_change_timestamp": "20210903174700",
        "cache_source": "databases",
        "code": "'timecard_feature'",
        "inputXml": "",
		"allowFor":"all"
    },
	"TIMECARD_CATEGORY_CACHE": {
        "last_change_timestamp": "20210903174700",
        "cache_source": "databases",
        "code": "'timecard_category'",
        "inputXml": "",
		"allowFor":"all"
    },
	"TIMECARD_CALL_CATEGORY_CACHE": {
        "last_change_timestamp": "20210903174700",
        "cache_source": "databases",
        "code": "'timecard_call_category'",
        "inputXml": "",
		"allowFor":"all"
    },
	"CALL_TYPE_CACHE": {
        "last_change_timestamp": "20210712200200",
        "cache_source": "databases",
        "code": "'call_type'",
        "inputXml": "{\"call_category\":\"'ALL'\"}",
		"allowFor":"all"
    },
	"BILLABLE_NONBILLABLE": {
        "last_change_timestamp": "20210903174700",
        "cache_source": "databases",
        "code": "'billable_nonbillable'",
        "inputXml": "",
		"allowFor":"all"
    },
	"ASSIGN_TO_EMPLOYEE_ID": {
        "last_change_timestamp": "20210903174700",
        "cache_source": "databases",
        "code": "'assign_to_empid'",
        "inputXml": "",
		"allowFor":"all"
    },
	"STATE_LIST_CACHE": {
        "last_change_timestamp": "2020903174700",
        "cache_source": "databases",
        "code": "'state_list'",
        "inputXml": "{\"country_code\":\"'in'\"}",
		"allowFor":"all"
    },
    "DISTRICT_LIST_CACHE": {
        "last_change_timestamp": "20210903174700",
        "cache_source": "database",
        "code": "'district_list'",
        "inputXml": "",
		"allowFor":"all"
    },
	"DESIGNATION_LIST_CACHE": {
        "last_change_timestamp": "20210903174700",
        "cache_source": "database",
        "code": "'designation_list'",
        "inputXml": "",
		"allowFor":"all"
    },
	"LOCATION_LIST_CACHE": {
        "last_change_timestamp": "20210903174700",
        "cache_source": "database",
        "code": "'location_list'",
        "inputXml": "",
		"allowFor":"all"
    },
	"MY_CALLS_ENGG_SA_WFLOW": {
        "code": "'call_workflow_event_verb'",
		"inputXml": "{\"call_category\":\"'PE'\"}",
        "cache_source": "database",
		"allowFor":"user",
		"last_change_timestamp": "20220110155000"
    },
    "MY_CALLS_ENGG_SE_WFLOW": {
        "code": "'call_workflow_event_verb'",
        "inputXml": "{\"call_category\":\"'SE'\"}",
        "cache_source": "database",
		"allowFor":"user",
		"last_change_timestamp": "20220110155000"
    },
    "CALL_WFLOW_VI": {
        "last_change_timestamp": "20220111112800",
        "cache_source": "database",
        "code": "'call_workflow_event_verb'",
        "inputXml": "{\"call_category\":\"'VI'\"}",
        "allowFor": "user"
    },
    "CALL_FEATURE_ACCESS_ORDER_VI": {
        "last_change_timestamp": "20220111112800",
        "cache_source": "database",
        "code": "'call_company_feature_access_order'",
        "inputXml": "{\"call_category\":\"'VI'\"}",
        "allowFor": "user"
    },
	"MY_CALLS_ENGG_SA_FEATURE_ACCESS_ORDER": {
        "code": "'call_company_feature_access_order'",
		"inputXml": "{\"call_category\":\"'PE'\"}",
        "cache_source": "database",
		"allowFor":"all",
		"last_change_timestamp": "20220110155000",
		"ignore_timestamp": "true"
    },
    "MY_CALLS_ENGG_SE_FEATURE_ACCESS_ORDER": {
        "code": "'call_company_feature_access_order'",
        "inputXml": "{\"call_category\":\"'SE'\"}",
        "cache_source": "database",
		"allowFor":"all",
		"last_change_timestamp": "20220110155000",
		"ignore_timestamp": "true"
    },
	"EMPLOYEE_LAST_ACCESS_INFO": {
        "code": "'employee_last_access_info'",
        "inputXml": "",
        "cache_source": "database",
		"allowFor":"all",
		"last_change_timestamp": "20220110155000",
		"ignore_timestamp": "true"
    },
	"ASSIGNEE_LIST_CACHE": {
        "last_change_timestamp": "20210903174705",
        "cache_source": "database",
        "code": "'call_assignto_employee_list'",
        "inputXml": "",
		"allowFor":"all"
    }
}
