{"field":{"screen":{"title":"Generate Service Job"},"form":{"call_category":"Call Category ","customer_id":"Customer ","customer_location_code":"Customer Location Code ","customer_name":"Name","customer_mobile_no":"Mobile No ","customer_email_id":"Email ID ","asset_id":"Machine ","equipment_id":"Model ","customer_details":"Customer Details ","call_type":"Job Type","operating_country_code":"Country ","state_code":"State ","district_code":"District ","asset_location_code":"Location","machine_details":"Machine Details","customer_req":"Customer Requirement","assign_to_emp_id":"Assign","visit_date":"Visit Date"}},"toastMessages":{"success":"Service Job created sucessfully","service_exception":"Service Exception","get_date_error":"Failed to get the date","load_controller_file_error":"Unable to load controller file","load_config_files_error":"Unable to load config files","delete_config_files_error":"Failed to delete config files","form_fields_mandatory_alert":"Please fill all the mandatory fields","save_draft_success":"Form saved successfully","save_draft_error":"Unable to save the form","form_submit_internet_connection_error":"Internet connection is required to proceed further.","form_submit_success":"Form Submitted  successfully","form_submit_error":"Failed to send the form data","save_pdf_data_error":"Unable to send pdf data","save_pdf_html_data_error":"Unable to send pdf data","form_back_click_alert":"Do you want to go back?","form_back_click_data_alert":"Entered data will be lost. Do you want to go back?","form_back_click_auto_save_alert":"Do you want to save the the data in draft and go back?","create_trans_key_error":"Failed to create transaction key file"},"confirmMessages":{"form_submit_alert":"Do you want to submit?","TurnOnAutomaticDateTime":"Please turn on automatic date and time settings.","form_back_click_data_alert":"Entered data will be lost. Do you want to go back?","form_back_click_auto_save_alert":"Do you want to save the the data in draft and go back?"},"wFlowEvents":{},"placeholder":{},"rule":{}}