{
    "all": {
        "fcmKey": "OWY0ZTZlOWUtYWEzZi00ZTI3LThjZjctZDQ0N2VmZGZmNDg1",
        "appID": "6db9b3ee-51b7-4666-b9c7-d634060bfee9",
        "template": {
            "ms_text_message": "3201bbf5-e25c-46c3-8dc9-fc5ac0d57bb8"
        }
    },
	"mobile": {
        "fcmKey": "OWY0ZTZlOWUtYWEzZi00ZTI3LThjZjctZDQ0N2VmZGZmNDg1",
        "appID": "6db9b3ee-51b7-4666-b9c7-d634060bfee9",
        "template": {
            "ms_text_message": "3201bbf5-e25c-46c3-8dc9-fc5ac0d57bb8"
        }
    }
}
