{
    "transNo": "#: mService.containR.variable.my_service_call_fsr_form.selectedRecord.call_no #",
	"formName": "#: mService.app.getUserId() #_#: kendo.toString(new Date(), 'ddMMyy') #_#: 'fsr_form' #",
	"attachmentPathKey": "ATTACHMENT_PATH_CACHE",
    "formPath": "call_attachments",
    "digitalReport": "true",
    "saveDraft": "true",
    "containR_type": "form",
    "containR_subtype": "workflow",
	"allow_new_transaction":"false",
    "modify_last_transaction":"true",
    "patternScreenId": "my_service_call",
	"save": {
        "online": "false",
        "infoCode": "fsr_form",
		"infoRefNo1": "",
		"infoRefNo2": "",
		"timestamp": "00000000-0000-0000-0000-000000000000",
		"mode": "A",
		"checkLocationSettings":"true",
		"checkTimeSettings":"true"
    }
}