{
    "transNo": "#: mService.containR.variable.my_sales_call_attachments.selectedRecord.request_ref_no #",
    "formName": "#: mService.app.getUserId() #_#: kendo.toString(new Date(), 'ddMMyy') #_#: 'my_sales_call_attachments' #",
    "attachmentPathKey": "ATTACHMENT_PATH_CACHE",
    "digitalReport": "false",
    "saveDraft": "false",
    "containR_type": "form",
    "containR_subtype": "form",
    "save": {
        "online": "false",
        "infoCode": "user_attachments",
        "infoRefNo1": "",
        "infoRefNo2": "",
        "timestamp": "00000000-0000-0000-0000-000000000000",
        "mode": "A"
    },
    "cacheUsed":"ALLOWED_ATTACHMENT_SIZE_CACHE,ALLOWED_ATTACHMENT_EXTENSION_CACHE"
}