{
    "transNo": "#: mService.app.getUserId() #_#: kendo.toString(new Date(), 'ddMMyyHH') #",
    "formName": "#: mService.app.getUserId() #_#: kendo.toString(new Date(), 'ddMMyy') #_#: 'NEWCOMPLAINT' #",
    "formPath": "call_attachments",
    "digitalReport": "false",
    "saveDraft": "false",
    "containR_type": "form",
    "containR_subtype": "form",
    "save": {
        "online": "true",
        "infoCode": "new_complaint",
        "infoRefNo1": "",
        "infoRefNo2": "",
        "timestamp": "00000000-0000-0000-0000-000000000000",
        "mode": "A"
    }
}